{
    "swagger": "2.0",
    "info": {
        "description": "",
        "version": "0.0.1",
        "title": "Naivecoin API"
    },
    "basePath": "/",
    "schemes": [
        "http"
    ],
    "consumes": [
        "application/json"
    ],
    "produces": [
        "application/json"
    ],
    "paths": {
        "/blockchain/blocks": {
            "get": {
                "tags": [
                    "blockchain"
                ],
                "summary": "Get all blocks",
                "description": "",
                "responses": {
                    "200": {
                        "description": "OK",
                        "schema": {
                            "type": "array",
                            "items": {
                                "$ref": "#/definitions/Block"
                            }
                        }
                    }
                }
            }
        },
        "/blockchain/blocks/{index}": {
            "get": {
                "tags": [
                    "blockchain"
                ],
                "summary": "Get block by index",
                "description": "",
                "parameters": [
                    {
                        "in": "path",
                        "name": "index",
                        "description": "Index of the block",
                        "required": true,
                        "type": "string"
                    }
                ],
                "responses": {
                    "200": {
                        "description": "OK",
                        "schema": {
                            "$ref": "#/definitions/Block"
                        }
                    },
                    "404": {
                        "description": "Not Found"
                    }
                }
            }
        },
        "/blockchain/blocks/{hash}": {
            "get": {
                "tags": [
                    "blockchain"
                ],
                "summary": "Get block by hash",
                "description": "",
                "parameters": [
                    {
                        "in": "path",
                        "name": "hash",
                        "description": "Hash of the block",
                        "required": true,
                        "type": "string"
                    }
                ],
                "responses": {
                    "200": {
                        "description": "OK",
                        "schema": {
                            "$ref": "#/definitions/Block"
                        }
                    },
                    "404": {
                        "description": "Not Found"
                    }
                }
            }
        },
        "/blockchain/blocks/latest": {
            "get": {
                "tags": [
                    "blockchain"
                ],
                "summary": "Get the latest block",
                "description": "",
                "responses": {
                    "200": {
                        "description": "OK",
                        "schema": {
                            "$ref": "#/definitions/Block"
                        }
                    },
                    "404": {
                        "description": "Not found"
                    }
                }
            },
            "put": {
                "tags": [
                    "blockchain"
                ],
                "summary": "Update the latest block",
                "description": "",
                "parameters": [
                    {
                        "in": "body",
                        "name": "body",
                        "description": "Block to be evaluated",
                        "required": true,
                        "schema": {
                            "$ref": "#/definitions/Block"
                        }
                    }
                ],
                "responses": {
                    "200": {
                        "description": "OK"
                    },
                    "409": {
                        "description": "Conflict"
                    }
                }
            }
        },
        "/blockchain/blocks/transactions/{transactionId}": {
            "get": {
                "tags": [
                    "blockchain"
                ],
                "summary": "Get a transaction from some block",
                "description": "",
                "parameters": [
                    {
                        "in": "path",
                        "name": "transactionId",
                        "description": "Transaction id",
                        "required": true,
                        "type": "string"
                    }
                ],
                "responses": {
                    "200": {
                        "description": "OK",
                        "schema": {
                            "$ref": "#/definitions/Block"
                        }
                    },
                    "404": {
                        "description": "Not Found"
                    }
                }
            }
        },
        "/blockchain/transactions": {
            "get": {
                "tags": [
                    "blockchain"
                ],
                "summary": "Get all transactions",
                "description": "",
                "responses": {
                    "200": {
                        "description": "OK",
                        "schema": {
                            "type": "array",
                            "items": {
                                "$ref": "#/definitions/Transaction"
                            }
                        }
                    }
                }
            },
            "post": {
                "tags": [
                    "blockchain"
                ],
                "summary": "Create a transaction",
                "description": "",
                "parameters": [
                    {
                        "in": "body",
                        "name": "body",
                        "description": "Transacqion",
                        "required": true,
                        "schema": {
                            "$ref": "#/definitions/Transaction"
                        }
                    }
                ],
                "responses": {
                    "201": {
                        "description": "Created",
                        "schema": {
                            "$ref": "#/definitions/Transaction"
                        }
                    },
                    "400": {
                        "description": "Bad Request"
                    },
                    "409": {
                        "description": "Conflict"
                    }
                }
            }
        },
        "/blockchain/transactions/unspent": {
            "get": {
                "tags": [
                    "blockchain"
                ],
                "summary": "Get unspent transactions",
                "description": "",
                "parameters": [
                    {
                        "in": "query",
                        "name": "address",
                        "description": "Address id",
                        "required": false,
                        "type": "string"
                    }
                ],
                "responses": {
                    "200": {
                        "description": "OK",
                        "schema": {
                            "type": "array",
                            "items": {
                                "$ref": "#/definitions/Transaction"
                            }
                        }
                    }
                }
            }
        },
        "/operator/wallets": {
            "get": {
                "tags": [
                    "operator"
                ],
                "summary": "Get all wallets",
                "description": "",
                "responses": {
                    "200": {
                        "description": "OK",
                        "schema": {
                            "type": "array",
                            "items": {
                                "$ref": "#/definitions/Wallet"
                            }
                        }
                    }
                }
            },
            "post": {
                "tags": [
                    "operator"
                ],
                "summary": "Create a wallet from a password",
                "description": "",
                "parameters": [
                    {
                        "in": "body",
                        "name": "body",
                        "description": "Wallet request",
                        "required": true,
                        "schema": {
                            "type": "object",
                            "properties": {
                                "password": {
                                    "type": "string",
                                    "description": "Password (must contain more than 4 words)"
                                }
                            }
                        }
                    }
                ],
                "responses": {
                    "201": {
                        "description": "Created",
                        "schema": {
                            "$ref": "#/definitions/Wallet"
                        }
                    },
                    "400": {
                        "description": "Bad Request"
                    }
                }
            }
        },
        "/operator/wallets/{walletId}": {
            "get": {
                "tags": [
                    "operator"
                ],
                "summary": "Get wallet by id",
                "description": "",
                "parameters": [
                    {
                        "in": "path",
                        "name": "walletId",
                        "description": "Wallet id",
                        "required": true,
                        "type": "string"
                    }
                ],
                "responses": {
                    "200": {
                        "description": "OK",
                        "schema": {
                            "$ref": "#/definitions/Wallet"
                        }
                    },
                    "404": {
                        "description": "Not Found"
                    }
                }
            }
        },
        "/operator/wallets/{walletId}/addresses": {
            "get": {
                "tags": [
                    "operator"
                ],
                "summary": "Get all addresses of a wallet",
                "description": "",
                "parameters": [
                    {
                        "in": "path",
                        "name": "walletId",
                        "description": "Wallet id",
                        "required": true,
                        "type": "string"
                    }
                ],
                "responses": {
                    "200": {
                        "description": "OK",
                        "schema": {
                            "type": "array",
                            "items": {
                                "$ref": "#/definitions/Address"
                            }
                        }
                    },
                    "400": {
                        "description": "Bad Request"
                    }
                }
            },
            "post": {
                "tags": [
                    "operator"
                ],
                "summary": "Create a new address",
                "description": "",
                "parameters": [
                    {
                        "in": "header",
                        "name": "password",
                        "description": "Wallet password",
                        "required": true,
                        "type": "string",
                        "format": "password"
                    },
                    {
                        "in": "path",
                        "name": "walletId",
                        "description": "Wallet id",
                        "required": true,
                        "type": "string"
                    }
                ],
                "responses": {
                    "201": {
                        "description": "Created",
                        "schema": {
                            "type": "object",
                            "properties": {
                                "address": {
                                    "$ref": "#/definitions/Address"
                                }
                            }
                        }
                    },
                    "400": {
                        "description": "Bad Request"
                    },
                    "401": {
                        "description": "Unauthorized"
                    },
                    "403": {
                        "description": "Forbidden"
                    }
                }
            }
        },
        "/operator/wallets/{walletId}/addresses/{addressId}/balance": {
            "get": {
                "tags": [
                    "operator"
                ],
                "summary": "Get the balance of a given address and wallet",
                "description": "",
                "parameters": [
                    {
                        "in": "path",
                        "name": "walletId",
                        "description": "Wallet id",
                        "required": true,
                        "type": "string"
                    },
                    {
                        "in": "path",
                        "name": "addressId",
                        "description": "Address id",
                        "required": true,
                        "type": "string"
                    }
                ],
                "responses": {
                    "200": {
                        "description": "OK",
                        "schema": {
                            "type": "object",
                            "properties": {
                                "balance": {
                                    "type": "integer"
                                }
                            }
                        }
                    },
                    "400": {
                        "description": "Bad Request"
                    }
                }
            }
        },
        "/operator/wallets/{walletId}/transactions": {
            "post": {
                "tags": [
                    "operator"
                ],
                "summary": "Create a new transaction",
                "description": "",
                "parameters": [
                    {
                        "in": "path",
                        "name": "walletId",
                        "description": "Wallet id",
                        "required": true,
                        "type": "string"
                    },
                    {
                        "in": "header",
                        "name": "password",
                        "description": "Wallet password",
                        "required": true,
                        "type": "string",
                        "format": "password"
                    },
                    {
                        "in": "body",
                        "name": "body",
                        "description": "Transaction to be created",
                        "required": true,
                        "schema": {
                            "type": "object",
                            "required": [
                                "fromAddress",
                                "toAddress",
                                "amount"
                            ],
                            "properties": {
                                "fromAddress": {
                                    "type": "string",
                                    "description": "From address"
                                },
                                "toAddress": {
                                    "type": "string",
                                    "description": "To address"
                                },
                                "amount": {
                                    "type": "integer",
                                    "description": "Amount (in satoshis)"
                                },
                                "changeAddress": {
                                    "type": "string",
                                    "description": "Change address"
                                }
                            }
                        }
                    }
                ],
                "responses": {
                    "201": {
                        "description": "Created",
                        "schema": {
                            "$ref": "#/definitions/Transaction"
                        }
                    },
                    "400": {
                        "description": "Bad Request"
                    },
                    "401": {
                        "description": "Unauthorized"
                    },
                    "403": {
                        "description": "Forbidden"
                    }
                }
            }
        },
        "/operator/{addressId}/balance": {
            "get": {
                "tags": [
                    "operator"
                ],
                "summary": "Get the balance of a given address",
                "description": "",
                "parameters": [
                    {
                        "in": "path",
                        "name": "addressId",
                        "description": "Address id",
                        "required": true,
                        "type": "string"
                    }
                ],
                "responses": {
                    "200": {
                        "description": "OK",
                        "schema": {
                            "type": "object",
                            "properties": {
                                "balance": {
                                    "type": "integer"
                                }
                            }
                        }
                    },
                    "400": {
                        "description": "Bad Request"
                    }
                }
            }
        },
        "/node/peers": {
            "get": {
                "tags": [
                    "node"
                ],
                "summary": "Get all peers connected to node",
                "description": "",
                "responses": {
                    "200": {
                        "description": "OK",
                        "schema": {
                            "type": "array",
                            "items": {
                                "$ref": "#/definitions/Peer"
                            }
                        }
                    }
                }
            },
            "post": {
                "tags": [
                    "node"
                ],
                "summary": "Connects a new peer to node",
                "description": "",
                "parameters": [
                    {
                        "in": "body",
                        "name": "body",
                        "description": "Peer to be added",
                        "required": true,
                        "schema": {
                            "$ref": "#/definitions/Peer"
                        }
                    }
                ],
                "responses": {
                    "201": {
                        "description": "Created"
                    }
                }
            }
        },
        "/node/transactions/{transactionId}/confirmations": {
            "get": {
                "tags": [
                    "node"
                ],
                "summary": "Get how many confirmations a block has",
                "description": "",
                "parameters": [
                    {
                        "in": "path",
                        "name": "transactionId",
                        "description": "Transaction id",
                        "required": true,
                        "type": "string"
                    }
                ],
                "responses": {
                    "200": {
                        "description": "OK",
                        "schema": {
                            "type": "object",
                            "properties": {
                                "confirmations": {
                                    "type": "integer"
                                }
                            }
                        }
                    }
                }
            }
        },
        "/miner/mine": {
            "post": {
                "tags": [
                    "miner"
                ],
                "summary": "Mine a new block",
                "description": "Mine a new block and add it to the end of blockchain.",
                "parameters": [
                    {
                        "in": "body",
                        "name": "body",
                        "description": "Mine request",
                        "required": true,
                        "schema": {
                            "type": "object",
                            "required": [
                                "rewardAddress"
                            ],
                            "properties": {
                                "rewardAddress": {
                                    "description": "Address to send the reward",
                                    "type": "string"
                                },
                                "feeAddress": {
                                    "description": "Address to send the fee",
                                    "type": "string"
                                }
                            }
                        }
                    }
                ],
                "responses": {
                    "201": {
                        "description": "Created",
                        "schema": {
                            "$ref": "#/definitions/Block"
                        }
                    }
                }
            }
        }
    },
    "definitions": {
        "Block": {
            "type": "object",
            "properties": {
                "index": {
                    "type": "integer"
                },
                "previousHash": {
                    "type": "string"
                },
                "timestamp": {
                    "type": "integer"
                },
                "data": {
                    "type": "object"
                },
                "hash": {
                    "type": "string"
                }
            }
        },
        "Peer": {
            "type": "object",
            "properties": {
                "url": {
                    "type": "string"
                }
            }
        },
        "Wallet": {
            "type": "object",
            "properties": {
                "id": {
                    "type": "string"
                },
                "addresses": {
                    "type": "array",
                    "items": {
                        "type": "string"
                    }
                }
            }
        },
        "Address": {
            "type": "string"
        },
        "Transaction": {
            "type": "object",
            "properties": {
                "id": {
                    "type": "string"
                },
                "data": {
                    "type": "object",
                    "properties": {
                        "inputs": {
                            "type": "array",
                            "items": {
                                "type": "object",
                                "properties": {
                                    "transaction": {
                                        "type": "string"
                                    },
                                    "index": {
                                        "type": "integer"
                                    },
                                    "address": {
                                        "type": "string"
                                    },
                                    "signature": {
                                        "type": "string"
                                    }
                                }
                            }
                        },
                        "outputs": {
                            "type": "array",
                            "items": {
                                "type": "object",
                                "properties": {
                                    "amount": {
                                        "type": "integer"
                                    },
                                    "address": {
                                        "type": "integer"
                                    }
                                }
                            }
                        }
                    }
                }
            }
        }
    }
}