{
    "apps": [
        {
            "name": "1",
            "script": "./bin/naivecoin.js",
            "watch": true,
            "interpreter_args": "--debug=7001",            
            "env": {
                "HTTP_PORT": "3001",                
                "NAME": "1"
            }
        },
        {
            "name": "2",
            "script": "./bin/naivecoin.js",
            "watch": true,
            "interpreter_args": "--debug=7002",            
            "env": {
                "HTTP_PORT": "3002",                
                "NAME": "2",
                "PEERS": "http://localhost:3001"
            }
        }
    ]
}